model,comp_score,roc_auc_mean,roc_auc_std,log_loss_mean,accuracy_mean,f1_mean,train_roc_auc,fit_time
xgboost,0.16794884430231455,0.9572844409024215,0.0025898920158630495,0.17033783995487414,0.930316742081448,0.5978686399440083,0.9881547887707335,2.6344993114471436
hist_gradient_boosting,0.16494877447656894,0.9543532685463827,0.0036331962421181085,0.17336743726763698,0.9268778280542987,0.5825733658249224,0.9896297670957027,14.281911849975586
random_forest,0.15977482425051187,0.9461975247963202,0.008494391856067032,0.177263475983406,0.9250678733031675,0.6032405674484143,0.975705762868914,10.192376613616943
gradient_boosting,0.15949945212832653,0.9511145190201447,0.001967412485157377,0.17976414796816692,0.9234389140271494,0.5743827121240648,0.9673903358694107,28.235534191131592
logistic_regression,0.15391505356888366,0.9429746074559503,0.0057283099178479496,0.1842533266684306,0.9234389140271494,0.5589426551117032,0.9542718311279568,14.229996681213379
